{"cameraMode":{"drawMode":0,"name":"Shaded","section":"Shading Mode"},"sceneLighting":true,"audioPlay":false,"sceneViewState":{"showFog":true,"showMaterialUpdate":false,"showSkybox":false,"showFlares":true,"showImageEffects":true,"showParticleSystems":true},"in2DMode":false,"pivot":{"x":-6.112325191497803,"y":11.716835975646973,"z":-4.841985702514648},"rotation":{"x":0.21718838810920716,"y":-0.6731448769569397,"z":0.21735596656799317,"w":0.672710657119751},"size":10.540799140930176,"orthographic":false}