{"cameraMode":{"drawMode":0,"name":"Shaded","section":"Shading Mode"},"sceneLighting":false,"audioPlay":false,"sceneViewState":{"showFog":true,"showMaterialUpdate":false,"showSkybox":false,"showFlares":true,"showImageEffects":true,"showParticleSystems":true},"in2DMode":false,"pivot":{"x":0.07324033975601196,"y":0.9270312786102295,"z":0.011747121810913086},"rotation":{"x":0.1807316094636917,"y":-0.6867062449455261,"z":0.18258851766586305,"w":0.6800963878631592},"size":3.3993184566497804,"orthographic":false}