{"cameraMode":{"drawMode":0,"name":"Shaded","section":"Shading Mode"},"sceneLighting":false,"audioPlay":false,"sceneViewState":{"showFog":true,"showMaterialUpdate":false,"showSkybox":false,"showFlares":true,"showImageEffects":true,"showParticleSystems":true},"in2DMode":false,"pivot":{"x":0.39767980575561526,"y":1.0949491262435914,"z":-0.35729074478149416},"rotation":{"x":0.00004599788735504262,"y":-0.9899768829345703,"z":-0.00119597720913589,"w":-0.1417941004037857},"size":1.250514268875122,"orthographic":false}