{"cameraMode":{"drawMode":0,"name":"Shaded","section":"Shading Mode"},"sceneLighting":false,"audioPlay":false,"sceneViewState":{"showFog":true,"showMaterialUpdate":false,"showSkybox":false,"showFlares":true,"showImageEffects":true,"showParticleSystems":true},"in2DMode":false,"pivot":{"x":0.0,"y":0.1399996280670166,"z":0.9155000448226929},"rotation":{"x":0.1807316094636917,"y":-0.6867062449455261,"z":0.18258851766586305,"w":0.6800963878631592},"size":2.5172345638275148,"orthographic":false}