{"cameraMode":{"drawMode":0,"name":"Shaded","section":"Shading Mode"},"sceneLighting":false,"audioPlay":false,"sceneViewState":{"showFog":true,"showMaterialUpdate":false,"showSkybox":false,"showFlares":true,"showImageEffects":true,"showParticleSystems":true},"in2DMode":false,"pivot":{"x":-0.1096353530883789,"y":51.68151092529297,"z":0.5301790237426758},"rotation":{"x":0.07043208181858063,"y":-0.9280524849891663,"z":0.284380704164505,"w":0.23032331466674806},"size":58.685997009277347,"orthographic":false}