{"cameraMode":{"drawMode":0,"name":"Shaded","section":"Shading Mode"},"sceneLighting":false,"audioPlay":false,"sceneViewState":{"showFog":true,"showMaterialUpdate":false,"showSkybox":false,"showFlares":true,"showImageEffects":true,"showParticleSystems":true},"in2DMode":false,"pivot":{"x":280.1636657714844,"y":6.6784892082214359,"z":477.5218505859375},"rotation":{"x":-0.00022155579063110054,"y":-0.999801754951477,"z":-0.02069011703133583,"w":0.012204260565340519},"size":1.9679982662200928,"orthographic":false}