{"cameraMode":{"drawMode":0,"name":"Shaded","section":"Shading Mode"},"sceneLighting":false,"audioPlay":false,"sceneViewState":{"showFog":true,"showMaterialUpdate":false,"showSkybox":false,"showFlares":true,"showImageEffects":true,"showParticleSystems":true},"in2DMode":false,"pivot":{"x":0.027478262782096864,"y":0.2891051769256592,"z":0.00507461279630661},"rotation":{"x":0.05207030102610588,"y":0.6929046511650086,"z":-0.05009119212627411,"w":0.7175112366676331},"size":0.337615430355072,"orthographic":false}