{"cameraMode":{"drawMode":0,"name":"Shaded","section":"Shading Mode"},"sceneLighting":false,"audioPlay":false,"sceneViewState":{"showFog":true,"showMaterialUpdate":false,"showSkybox":false,"showFlares":true,"showImageEffects":true,"showParticleSystems":true},"in2DMode":false,"pivot":{"x":-0.04998809099197388,"y":0.5000025629997253,"z":-0.5000011920928955},"rotation":{"x":0.05207030102610588,"y":0.6929046511650086,"z":-0.05009119212627411,"w":0.7175112366676331},"size":0.7088758945465088,"orthographic":false}