{"cameraMode":{"drawMode":0,"name":"Shaded","section":"Shading Mode"},"sceneLighting":false,"audioPlay":false,"sceneViewState":{"showFog":true,"showMaterialUpdate":false,"showSkybox":false,"showFlares":true,"showImageEffects":true,"showParticleSystems":true},"in2DMode":false,"pivot":{"x":-0.013429880142211914,"y":0.05409121513366699,"z":0.9411211013793945},"rotation":{"x":0.1807316094636917,"y":-0.6867062449455261,"z":0.18258851766586305,"w":0.6800963878631592},"size":2.9844605922698976,"orthographic":false}