{"cameraMode":{"drawMode":0,"name":"Shaded","section":"Shading Mode"},"sceneLighting":true,"audioPlay":false,"sceneViewState":{"showFog":true,"showMaterialUpdate":false,"showSkybox":false,"showFlares":true,"showImageEffects":true,"showParticleSystems":true},"in2DMode":false,"pivot":{"x":0.5029808878898621,"y":-2.089520215988159,"z":8.999844551086426},"rotation":{"x":0.20730337500572205,"y":-0.0011982090072706342,"z":0.0002615874109324068,"w":0.9783145785331726},"size":12.016563415527344,"orthographic":false}