{"cameraMode":{"drawMode":0,"name":"Shaded","section":"Shading Mode"},"sceneLighting":false,"audioPlay":false,"sceneViewState":{"showFog":true,"showMaterialUpdate":false,"showSkybox":false,"showFlares":true,"showImageEffects":true,"showParticleSystems":true},"in2DMode":false,"pivot":{"x":-0.011281251907348633,"y":1.1047389507293702,"z":0.957259476184845},"rotation":{"x":0.1807316094636917,"y":-0.6867062449455261,"z":0.18258851766586305,"w":0.6800963878631592},"size":3.0332765579223635,"orthographic":false}