{"cameraMode":{"drawMode":0,"name":"Shaded","section":"Shading Mode"},"sceneLighting":false,"audioPlay":false,"sceneViewState":{"showFog":true,"showMaterialUpdate":false,"showSkybox":false,"showFlares":true,"showImageEffects":true,"showParticleSystems":true},"in2DMode":false,"pivot":{"x":0.01767098903656006,"y":1.023196816444397,"z":0.9427300095558167},"rotation":{"x":0.1807316094636917,"y":-0.6867062449455261,"z":0.18258851766586305,"w":0.6800963878631592},"size":2.974597215652466,"orthographic":false}