{"cameraMode":{"drawMode":0,"name":"Shaded","section":"Shading Mode"},"sceneLighting":false,"audioPlay":false,"sceneViewState":{"showFog":true,"showMaterialUpdate":false,"showSkybox":false,"showFlares":true,"showImageEffects":true,"showParticleSystems":true},"in2DMode":false,"pivot":{"x":-0.09756340086460114,"y":1.1061575412750245,"z":-0.31997883319854739},"rotation":{"x":0.03315570577979088,"y":0.9667196869850159,"z":-0.1702347844839096,"w":0.18822981417179109},"size":0.6191315650939941,"orthographic":false}